"","GATA3","AR","MEK1","PDK1","Notch1","p90RSK_Caution"
"1",-0.229838,0.510898,0.255288,-0.274227,-0.427018,-0.075372
"2",-0.086983,-0.088755,0.390144,0.255956,0.407107,0.17355
"3",0.106322,0.107067,-0.337654,-0.309752,-0.459289,0.889366
"4",-0.531828,0.27635,-0.646557,0.026379,-0.203635,-0.486553
"5",-0.051034,0.593692,-0.146399,-0.206741,-0.460043,-0.443687
"6",-1.27785,0.493711,-0.491416,-0.538888,0.496667,-0.477851
"7",0.112471,-0.114874,0.096462,0.120021,1.740912,-0.648856
"8",0.189767,0.443577,0.024109,-0.371731,-0.643345,0.689682
"9",-0.163988,0.172198,-0.373346,0.024996,-0.615994,0.298746
"10",1.962426,0.020092,-0.13504,-0.244748,-0.311767,-0.544257
"11",-0.790953,-0.18679,-0.425149,-0.693697,0.783623,0.388381
"12",0.303933,0.054761,0.260254,0.259591,0.065452,0.375719
"13",0.411702,0.079614,0.115568,-0.020254,0.308771,-0.629228
"14",0.051702,0.104777,0.139333,0.095256,0.145643,0.191065
"15",3.967486,-0.222548,-0.243294,0.006749,-0.890814,-0.777751
"16",0.252594,0.212405,-0.682329,0.231918,0.08941,0.080156
"17",0.134225,0.095561,-0.067156,0.068875,0.902771,0.113962
"18",-0.214796,0.488863,0.470223,0.020001,-0.178418,-0.287655
"19",-0.39472,0.015449,0.69899,-0.135727,-0.061912,0.371716
"20",-0.294004,0.00429,-0.551379,-0.127494,0.061416,-0.109886
"21",-0.18133,-0.468761,-0.556393,-0.222841,-0.010838,0.107298
"22",0.291207,-0.096752,0.38249,0.058346,0.055877,0.083996
"23",-0.649167,-0.179154,-0.202737,-0.353944,-0.62588,-0.25603
"24",0.168273,-0.074421,-0.74945,-0.309194,-0.092467,0.068411
"25",0.085479,-0.119569,0.022196,0.351978,1.17397,-0.20111
"26",2.072315,0.321292,0.336973,0.049362,1.848872,0.284839
"27",0.101243,1.023299,-0.496778,-0.141648,-0.228954,-0.034802
"28",1.445383,-0.039732,-0.610508,-0.321034,0.308661,-0.199493
"29",-0.276559,-0.189652,0.242145,0.161031,2.2277,0.804785
"30",-0.02052,0.213228,0.163859,0.054887,-0.313965,0.806063
"31",-0.906777,-0.366809,0.425539,0.154983,0.527518,0.052989
"32",0.085368,0.187288,-0.174865,-0.258489,0.849907,-0.112833
"33",-0.675008,0.038183,0.076119,0.334269,-0.320488,0.003968
"34",0.622511,-0.232709,-0.120632,-0.187606,-0.005667,0.099921
"35",-0.615891,-0.289745,-0.425657,0.235801,0.184,0.235583
"36",0.0405,0.244735,-0.500807,-0.111716,0.723135,-0.055552
"37",0.165675,-0.227907,-0.031651,-0.07413,-0.276283,0.007743
"38",0.766897,0.128707,-1.248324,0.021696,0.103372,-0.277753
"39",1.035832,0.246847,-0.428809,-0.359862,0.517086,-0.105078
"40",2.00046,2.45212,-0.077032,0.540609,0.527497,0.16266
"41",-0.122063,1.035735,0.379199,-0.011525,0.917445,-0.379284
"42",0.021458,0.098074,0.062271,-0.460846,-0.36738,1.114143
"43",-0.141843,0.045454,0.686912,-0.066223,0.574582,-0.168577
"44",0.077062,1.657485,-0.1548,-0.15933,-0.283989,0.047316
"45",0.198105,0.082219,0.024288,-0.289897,0.035229,-0.063276
"46",0.033205,-0.099923,-0.899058,-0.201112,-0.119663,0.877282
"47",-0.000528,-0.14489,0.10176,0.024996,0.133759,-0.308045
"48",-0.098989,-0.029777,0.180287,-0.481053,-0.648041,-0.504989
"49",-0.300278,1.803662,0.612675,0.080063,0.12457,-0.306335
"50",0.748048,-0.31188,-0.245182,0.26572,-0.435211,-0.031022
"51",0.00823,0.126302,0.208008,-0.021201,0.240115,0.370333
"52",-0.413064,0.350613,-0.373696,0.037042,0.706755,-0.064674
"53",-0.302366,1.102836,0.515974,-0.201637,0.35197,-0.063323
"54",-0.199423,1.293475,-0.052236,-0.027684,0.961517,-0.352652
"55",-0.259627,-0.168016,-0.551369,-0.347577,0.007325,-0.058408
"56",-0.362686,0.778547,-0.598367,0.040305,0.146056,-0.258042
"57",-0.212705,0.026775,0.747846,-0.265627,0.947853,0.056867
"58",-0.105291,0.179861,-0.406346,-0.224959,0.13228,0.341963
"59",0.110979,0.02888,-0.140589,0.051062,-0.07877,-0.067509
"60",-0.168623,0.044679,-0.74789,-0.302379,-0.184659,-0.572801
"61",-0.082982,0.040098,0.044522,0.037252,-0.644173,0.023831
"62",0.282353,0.017859,0.424876,0.009867,0.301603,1.342294
"63",0.486207,0.292107,-0.184372,-0.281875,0.877992,-0.329393
"64",0.210464,1.343941,0.136865,-0.39738,0.249225,-0.607127
"65",0.046473,0.523293,-0.564359,-0.278953,-0.20725,-0.175994
"66",0.501581,0.826131,-0.178121,-0.154104,1.514414,-0.521252
"67",0.569828,0.0736,-0.351766,-0.037543,0.538485,0.849064
"68",0.123172,-0.171937,0.209815,-0.060302,0.588465,-0.00511
"69",0.212444,-0.117776,0.825663,0.059367,-0.619463,0.046635
"70",-0.251386,-0.192939,-0.096046,-0.249843,0.409131,0.078697
"71",-0.121686,-0.049547,-0.050045,-0.088879,-0.389295,-0.824437
"72",-0.079772,-0.071726,-0.357397,0.013338,0.231861,0.379978
"73",0.333659,0.887141,0.178769,0.66438,-0.106172,-0.073474
"74",-0.68331,-0.288515,0.099438,0.05152,0.234543,0.017921
"75",-0.674833,-0.298314,-0.124635,-0.176389,0.021248,-0.299745
"76",0.965117,-0.200489,-0.296486,-0.027285,0.355705,-0.359269
"77",-0.144941,-0.22315,-0.07096,0.04981,-0.09312,0.940568
"78",-0.594102,-0.375387,-0.045664,-0.018369,0.135797,-0.279992
"79",-0.320047,1.300207,-0.180302,0.123914,-0.401878,-0.354357
"80",-0.043154,-0.199479,-0.056668,-0.004858,0.362107,-0.223312
"81",-0.124772,0.827,0.319291,-0.075957,-0.09508,0.084859
"82",-0.627267,0.371384,0.905559,0.020768,0.263807,-0.179401
"83",-0.429086,0.531096,-1.115534,-0.136048,-0.64201,-0.200528
"84",-0.10389,-0.048881,0.132347,-0.178754,0.357131,0.188866
"85",-0.529785,-0.058295,0.186012,-0.21648,0.069322,0.370366
"86",0.301067,-0.19095,0.105211,0.298062,-0.503728,-0.136959
"87",0.01358,0.068359,0.438791,-0.032349,0.295817,-0.188969
"88",-0.318842,0.010027,0.116985,0.266314,-0.04997,-0.42808
"89",0.794481,-0.083565,-0.141665,-0.108426,0.599224,-0.775111
"90",-0.473728,-0.062502,0.114474,-0.139735,-0.484629,0.156545
"91",-0.489548,0.509695,-0.43286,0.258899,0.358782,0.096287
"92",-0.013808,-0.137129,-0.662928,-0.093017,-0.313461,-0.501881
"93",0.204476,0.017255,0.226238,0.093967,0.418842,0.114689
"94",2.35868,0.490656,0.052888,-0.023015,0.232086,0.017601
"95",-0.488216,-0.112058,0.43477,-0.264875,0.030467,0.640499
"96",-0.154474,0.788568,-0.250984,-0.128531,-0.15898,-0.57861
"97",-0.408582,-0.145855,-0.41697,0.157069,0.683258,0.103754
"98",-0.007063,-0.052092,-0.538877,-0.312208,0.245189,-0.189949
"99",-0.224802,-0.128461,0.26535,0.638889,0.016276,0.588843
"100",-0.190886,-0.224023,-0.190375,-0.049428,0.297933,0.498909
"101",-0.223084,1.214534,-0.310637,-0.079875,-0.098416,0.046092
"102",0.041845,-0.096189,0.623512,0.364271,0.310922,-0.213871
"103",0.202578,0.237111,-0.48984,0.538372,-0.874401,-0.599805
"104",0.128207,0.10453,0.280008,-0.282231,0.057206,0.021571
"105",-0.283483,0.121889,0.219482,-0.172913,-0.451338,-0.297143
"106",-0.456009,0.650786,-0.104404,0.095282,1.424821,-1.25267
"107",-0.256318,0.145674,0.186298,0.063627,0.665568,-0.434951
"108",-0.723187,-0.094258,0.084402,0.188365,-0.84504,-1.106997
"109",0.387977,0.149946,0.460104,0.185741,0.282728,-0.038252
"110",-0.033073,0.114396,-0.189963,0.005087,-0.583111,0.086489
"111",-0.415665,0.234539,-0.605887,0.099795,1.165813,-0.39103
"112",-0.138895,-0.059307,0.289539,-0.123347,-0.039723,-0.2691
"113",-0.130209,0.344319,0.276178,-0.097743,0.611312,-0.372987
"114",0.464647,-0.20758,-1.298316,0.083177,1.028031,-0.638045
"115",-0.635365,0.632608,0.140929,-0.008469,0.698051,-0.487765
"116",-0.58089,-0.385697,0.306197,-0.550438,0.54474,1.087137
"117",0.225218,-0.041835,-1.168315,-0.153051,0.091094,-0.026655
"118",-0.539586,1.656562,0.129098,0.474578,1.256887,0.80739
"119",0.262246,0.077269,0.8027,0.02285,0.158501,0.233391
"120",1.110226,0.858256,0.328947,-0.060715,0.234546,0.187506
"121",3.931537,2.643812,0.066919,1.057818,-0.195536,0.094271
"122",0.225604,-0.393394,0.379961,0.440539,0.43905,0.072227
"123",0.134107,-0.00364,0.20849,0.126451,-0.25325,-0.491489
"124",0.168328,0.116946,-0.414104,-0.148657,-0.524047,0.036533
"125",0.092489,0,-0.087568,0.435703,-0.782326,-0.823196
"126",-0.456829,-0.093817,0.48978,-0.274975,-0.392903,0.259031
"127",0.054395,0.042609,-0.71487,0.256945,-0.223271,0.491502
"128",-0.48584,-0.178606,-0.036408,0.3358,-0.1093,-0.031848
"129",-0.272273,0.923214,-0.238435,-0.006185,0.18326,0.25117
"130",-0.266693,0.923669,0.469699,-0.281828,-0.353934,0.042202
"131",0.061526,0.077209,-1.064194,0.022056,-0.257977,-0.358782
"132",-0.302522,0.837152,0.107916,-0.021582,0.143658,-0.81514
"133",0.701066,-0.154834,0.333889,-0.119614,0.17292,-0.684228
"134",-0.170768,0.029082,0.390783,-0.282343,-0.122511,-0.15293
"135",0.766933,0.002195,-0.476782,-0.214665,-0.118668,-0.165449
"136",-0.29002,0.051719,-0.410409,0.245566,-0.040854,0.020491
"137",-0.043506,-0.246537,0.234982,-0.234303,0.522565,0.094824
"138",0.643276,0.021486,0.840511,-0.044923,0.7265,-0.268057
"139",-0.135422,-0.126012,-0.115228,-0.049995,0.202048,-0.639598
"140",0.059786,0.705149,-0.60317,0.359705,-0.202606,0.271525
"141",0.412286,-0.344093,-0.479972,0.144117,0.193202,0.225471
"142",0.429427,-0.182884,0.020566,0.003625,-0.173941,-0.287855
"143",0.693677,-0.123074,0.022132,0.042401,-0.11561,0.252746
"144",0.368213,2.496545,0.568893,-0.000694,-0.293475,-0.01539
"145",-0.044752,-0.092957,-0.007171,-0.014978,0.256645,-0.025684
"146",0.34202,0.050503,-0.557546,-0.114841,-0.249099,-0.524136
"147",-0.285175,0.883288,0.100291,-0.078529,0.388395,-0.445842
"148",-0.790061,-0.457788,0.492151,0.146215,0.51276,0.174048
"149",-0.656813,-0.195224,0.143462,0.399973,0.382978,-0.069745
"150",-0.789221,-0.229131,0.798528,0.104922,-0.768912,0.141427
"151",-0.260193,1.756122,0.058363,-0.118845,-0.576969,0.420201
"152",0.033561,-0.262899,0.237585,0.034921,1.550942,0.212612
"153",0.066208,1.374517,0.357032,-0.236966,0.248181,-0.449786
"154",-0.362194,0.270087,0.395924,-0.091666,-0.768756,-0.339001
"155",0.821341,-0.205871,-0.611258,0.177969,-0.191065,0.200468
"156",-0.168215,-0.232684,-0.07096,0.016243,-0.196997,-0.015156
"157",0.347955,0.049517,-0.158024,-0.215835,0.170381,-0.45487
"158",-1.005667,0.426874,-0.303457,-0.531456,-0.22432,0.085495
"159",0.411778,-0.194998,0.271488,-0.13327,0.183601,0.012381
"160",1.427208,-0.326005,0.160723,-0.13249,-0.238739,0.150752
"161",0.843092,-0.170272,0.359239,-0.225952,0.133664,0.056732
"162",-0.124911,1.197347,-0.293087,-0.116114,-0.359939,0.16863
"163",-0.690625,0.572616,-0.119005,-0.264152,0.175138,0.271076
"164",-0.065588,-0.0095,0.334954,0.101235,-0.052718,0.52811
"165",0.006095,-0.044863,0.845048,-0.425501,-0.229367,0.326354
"166",0.123336,-0.034605,-0.769934,-0.278136,1.119905,-0.122976
"167",-0.674085,-0.365802,0.408919,-0.114559,-0.021355,-0.920989
"168",-0.038269,0.085126,-0.010476,-0.033874,0.259419,0.063363
"169",0.188408,0.12807,-0.685912,-0.450858,0.614873,0.020975
"170",0.020276,-0.025245,-0.075162,0.225732,0.413638,0.805556
"171",-0.852272,-0.213482,-0.129816,-0.082978,-0.507494,-0.686636
"172",-0.013148,-0.142655,0.377605,-0.027591,0.5395,-0.628275
"173",0.238092,-0.149099,-1.237334,-0.027581,-0.007032,-0.271151
"174",2.297567,-0.262719,0.128633,0.024159,-1.009915,-0.578665
"175",1.903015,-0.15889,0.388501,0.091677,-0.984338,-0.607599
"176",0.547639,0.421155,-0.462714,-0.297889,-0.160868,-0.73746
"177",0.825497,-0.001766,-0.284482,-0.163187,0.444821,-0.238442
"178",0.091071,0.227323,-0.100048,-0.018232,-0.555365,0.442919
"179",0.14251,0.941542,-0.334885,-0.254268,-0.3537,0.135602
"180",-0.116165,-0.067342,0.191001,-0.071375,0.918975,-0.285203
"181",-0.259528,0.030685,-0.181151,-0.088455,0.23056,-0.017466
"182",0.013512,-0.000389,-0.230441,-0.038973,0.012195,0.00873
"183",0.410661,1.220644,0.671594,-0.211941,-0.615402,-0.687656
"184",-0.011812,0.232953,-0.205656,-0.164499,-0.224062,0.684469
"185",0.253678,-0.247842,0.095691,-0.137773,-0.289091,-0.779218
"186",0.470023,-0.065548,0.265329,0.056481,-0.567947,0.386141
"187",0.074424,-0.069828,0.105918,-0.073391,-0.215651,-0.232179
"188",-0.620597,-0.523495,-0.072455,0.033139,1.623646,-0.074946
"189",0.296352,-0.095318,0.2285,0.017122,-0.578453,-0.015227
"190",-0.63464,-0.231976,0.111105,-0.160953,-0.348821,0.063194
"191",-0.503613,-0.242972,-0.191484,0.075321,0.745714,0.863793
"192",-0.517259,0.451421,0.246887,-0.291723,0.398522,0.290989
"193",0.019329,-0.041544,0.510432,0.163796,0.260313,-0.289143
"194",-0.32911,-0.423854,0.588209,-0.16763,0.055368,0.191377
"195",-0.208118,-0.305094,0.519828,-0.123402,-0.927414,-0.049657
"196",-0.525132,0.076727,-0.352612,-0.086979,0.307075,0.092471
"197",-0.121686,-0.317346,0.354966,-0.12782,0.503308,0.557254
"198",-0.432215,-0.108825,-0.010857,-0.113718,0.907874,-0.374672
"199",-0.231632,-0.215918,0.329057,0.011556,0.150963,0.322827
"200",-0.504166,-0.179161,0.067073,-0.106915,0.434297,-0.114474
"201",0.303154,-0.003923,-0.075132,0.206242,-0.421677,0.00805
"202",0.043616,0.103884,0.066311,-0.40676,1.010398,-0.095445
"203",0.063252,0.135028,-0.46436,-0.021802,0.240559,-0.053713
"204",0.210509,0.184614,0.698405,-0.158095,0.73345,0.239622
"205",0.058506,0.385997,-0.225385,-0.149695,0.765798,-0.053876
"206",0.019772,-0.137465,0.0165,-0.010935,-0.375541,-0.218609
"207",0.484161,-0.068612,-0.041326,0.219749,0.837415,0.764772
"208",0.403873,-0.085383,-0.606156,0.174921,-0.372628,-0.550793
"209",0.059972,-0.021445,-0.581959,-0.134847,-0.338504,0.007783
"210",0.300661,-0.038589,-0.118416,-0.11057,0.025522,-0.050924
"211",-0.322351,0.745569,0.199275,-0.291084,-0.245693,-0.263248
"212",0.900473,-0.03338,-1.473817,-0.124577,-0.920237,-0.398611
"213",0.147315,-0.04357,-0.246393,-0.0121,0.089009,0.18669
"214",0.51603,0.227686,-0.096051,-0.178011,-0.311534,-0.337214
"215",-0.309817,-0.231874,0.244546,0.050908,0.189777,-0.322605
"216",-0.334061,0.1991,-0.914324,-0.465476,1.201268,0.53921
"217",-1.167164,-0.015752,-0.604475,0.482105,0.781735,0.243607
"218",-0.155087,-0.216132,-0.076421,0.044285,0.174758,-0.225536
"219",2.452655,-0.348458,-0.203993,0.072471,0.367354,0.608095
"220",0.268365,-0.1377,-0.010091,-0.329199,-0.906641,0.184693
"221",-0.52383,0.646435,-0.560235,0.050956,0.668147,-0.968425
"222",-0.026012,0.704674,0.058063,-0.035155,0.106033,-0.596815
"223",0.209313,0.032032,-0.635904,-0.51154,0.235921,-0.519985
"224",1.545258,-0.389493,-0.058126,-0.319144,0.198207,-0.211105
"225",-0.2491,1.041666,-0.058219,-0.005373,-0.377967,-0.122169
"226",-0.924996,0.052856,0.021581,-0.003183,-0.419856,-0.956913
"227",0.035749,1.98593,0.338876,0.03255,0.566133,-0.327591
"228",-0.041202,0.005094,-0.424896,0.237057,0.417601,-0.318209
"229",0.12493,-0.0823,0.09744,0.168263,0.313476,0.196345
"230",0.280067,0.029657,0.232693,0.3947,0.604362,0.476462
"231",0.897471,0.030795,0.05354,0.11968,-0.857868,0.724977
"232",0.222241,1.670248,-0.00999,0.044776,0.128847,0.177645
"233",0.003234,-0.347415,-0.751614,-0.067879,-0.154923,0.286607
"234",-0.088009,0.969572,-0.452957,-0.368888,0.105116,-0.600245
"235",0.070073,0.47154,-0.185234,-0.317818,-0.704553,-0.430493
"236",0.38603,0.121647,0.057559,0.612777,-0.142364,1.021222
"237",-0.83283,-0.154245,0.212518,-0.077276,0.916256,-0.257956
"238",-0.141184,0.002223,-0.898955,-0.182665,0.753944,-0.023735
"239",-0.049672,1.201193,-0.213242,0.081802,0.077049,-0.856809
"240",-0.405345,-0.01192,0.236214,0.225213,-0.290666,-0.346963
"241",0.421537,0.057349,-0.357596,0.454843,0.017801,0.39826
"242",-0.023086,0.229534,0.774505,0.154355,0.419274,0.022964
"243",-0.206096,0.023681,0.127063,-0.033982,0.232473,0.20513
"244",-0.014113,0.076215,-0.429243,-0.023715,0.062881,-0.30498
"245",-0.412221,-0.264913,-0.389957,0.485575,0.301856,-0.289112
"246",0.056429,-0.074998,0.083286,0.071356,-0.083591,-0.454181
"247",0.166915,-0.08289,-0.022928,-0.021572,0.235672,-0.419123
"248",-0.043854,0.202363,-0.69062,-0.013505,0.023385,0.107462
"249",0.092488,-0.16222,-0.280396,-0.133731,-0.061247,-0.151405
"250",0.270467,-0.186415,-0.669526,-0.327505,0.347995,-0.072622
"251",-1.181559,0.69059,-0.122441,0.23123,-0.381527,-0.273827
"252",0.176991,-0.123618,-0.25626,-0.270049,-0.185696,-0.530225
"253",0.187069,-0.177089,-0.463173,-0.035709,-0.844753,0.373197
"254",3.166459,-0.118681,0.140117,0.024043,-0.985083,-0.978396
"255",-0.145539,-0.100888,0.091808,0.366885,0.547941,0.540285
"256",0.200693,-0.140603,-0.730647,0.114282,-0.038691,0.122229
"257",0.452238,0.008448,-0.230743,-0.273988,1.401419,-0.353022
"258",0.435573,-0.276829,0.085214,-0.372587,-0.693154,-0.169916
"259",4.126761,-0.565302,-0.263059,0.09153,-1.080294,-1.336729
"260",-0.735984,0.871284,0.243034,0.345936,1.0806,-0.423965
"261",0.400037,-0.043049,0.102453,0.060819,-0.076602,0.244572
"262",-0.469954,-0.223757,-0.323889,0.14102,0.379662,0.15971
"263",-0.674326,-0.215058,0.262656,0.437875,0.478816,-0.101751
"264",3.664128,2.457318,-0.17921,0.598273,-0.313484,0.158531
"265",3.451877,-0.290008,-0.5176,0.053687,-0.641722,-0.968694
"266",0.250017,-0.066408,0.359101,0.144842,-0.070319,-0.360117
"267",-0.774506,-0.120475,0.63933,-0.003508,1.444813,-0.167287
"268",-0.264739,-0.105036,0.132487,0.845734,0.879943,0.729531
"269",-0.206535,-0.218363,0.361725,-0.192616,-0.082103,0.647312
"270",0.188106,0.565,-0.222593,-0.005914,0.36226,-0.122417
"271",1.551488,-0.086614,0.328167,0.612195,-0.17658,0.360101
"272",1.300258,0.184069,-0.575027,-0.219108,0.166884,-0.110174
"273",-0.679041,-0.097067,0.200574,0.213567,0.251823,0.006027
"274",-0.045932,1.061755,-0.287952,-0.07897,-0.559104,-0.997642
"275",0.706929,-0.240581,-0.32811,-0.325302,-0.814501,-0.116358
"276",-0.389339,0.798936,-0.169024,-0.044859,0.265144,-0.292746
"277",-1.009233,0.228651,1.255665,-0.897437,0.196013,0.05996
"278",-0.639299,0.183575,0.133234,-0.136738,-0.583716,-0.469345
"279",0.059659,1.697194,0.123614,-0.021582,-0.244577,-0.17998
"280",4.848493,1.516778,0.086646,0.506557,0.013732,0.220749
"281",2.956744,3.760453,-0.250389,0.338568,-0.105265,0.607289
"282",-0.428342,-0.334552,-0.180219,0.180561,1.262194,0.119099
"283",0.220828,0.729216,-1.269406,-0.189629,1.579905,-0.030556
"284",3.880736,0.339565,-0.182893,-0.141338,-0.822932,-0.430415
"285",-0.445638,-0.4406,-0.040912,-0.047262,-0.416912,-0.157551
"286",-0.205864,0.940893,0.374251,0.193698,-0.618446,0.149221
"287",-0.317919,-0.089057,-0.149662,-0.114236,0.348249,-0.358814
"288",-0.532048,-0.332234,0.124853,-0.001012,0.642655,-0.009705
"289",-0.406112,-0.306941,0.321711,-0.331241,-0.280109,0.216494
"290",-0.596074,-0.139703,-0.552529,-0.15139,0.592742,0.200506
"291",0.692586,-0.071947,0.319069,0.024996,-0.559038,-0.451128
"292",-0.462936,-0.046564,0.207242,-0.23775,-0.553696,0.194549
"293",-0.249429,0.103134,-0.296071,0.186993,0.4232,0.002611
"294",0.495288,-0.13138,-0.175994,0.104094,0.354354,0.234108
"295",-0.534699,-0.051937,-0.145074,-0.248924,0.228882,-0.00858
"296",-0.535041,0.061132,0.425247,0.118566,0.596083,0.275646
"297",-0.702211,0.081128,-0.054197,0.184109,0.560282,-0.377644
"298",2.299309,-0.222329,-0.01381,0.135657,0.877698,-0.001183
"299",-0.099623,-0.255939,0.88959,-0.01176,-0.340734,-0.534674
"300",-0.049688,-0.123291,0.326445,0.076242,0.356712,0.136444
"301",-0.200045,0.509464,0.560154,0.211399,0.126152,-0.190978
"302",-0.02404,-0.065806,0.172878,-0.081032,0.748035,0.115071
"303",-0.23875,-0.5791,-0.261066,0.464681,0.00647,0.367395
"304",-0.292699,0.051199,-0.281704,0.093376,-0.350204,-0.098795
"305",-0.250988,0.359687,-0.155346,-0.176655,-0.510163,-0.443105
"306",-0.558439,-0.230527,0.001959,0.882033,0.08025,0.151438
"307",-0.132234,1.69763,0,-0.021582,-0.267571,0.046643
"308",-0.19461,-0.32003,0.00832,0.006291,-0.105725,-0.760776
"309",0.638975,0.157656,1.087973,-0.12342,-0.009406,-0.282031
"310",-0.40958,0.079865,-0.169555,-0.033932,0.346544,-0.132121
"311",-0.254564,-0.003792,0.164704,-0.09107,0.804303,0.220721
"312",-0.590282,-0.156289,0.129537,0.098957,-0.166798,-0.147853
"313",0.505543,0.730215,-0.136192,-0.351838,-0.08096,-0.439365
"314",-0.376853,0.651439,-2.143569,-0.189223,-0.409565,-0.08484
"315",0.654173,-0.115696,-0.863936,-0.068771,-0.867094,0.096695
"316",-0.077083,0.445766,0.032453,-0.24533,0.004171,-0.320816
"317",3.81135,3.573788,0.123505,0.152399,0.076655,-1.150862
"318",0.200728,-0.180593,0.240363,0.180306,-0.057751,0.423064
"319",-0.659951,-0.27852,-0.849216,-0.325616,0.35705,0.563217
"320",3.465663,2.392176,-0.494289,-0.022221,0.72517,-0.341783
"321",-0.720349,-0.487138,-0.034758,0.023484,0.080822,-0.413475
"322",0.589413,-0.188134,0.487472,-0.073695,0.546001,0.592606
"323",0.279421,0.492375,0.417398,-0.113705,-0.338441,0.296988
"324",-0.395497,-0.122515,-0.237355,-0.55102,0.148797,-0.022729
"325",-0.654179,-0.314754,0.02256,-0.08406,0.145132,0.025888
"326",-0.776712,1.262135,-0.118475,0.056489,0.51847,0.422157
"327",-0.509548,-0.00922,-0.317646,0.552807,-0.317158,-0.251006
"328",-0.673324,1.355938,-0.11064,0.012865,0.641047,-0.593841
"329",-0.439636,-0.118999,-0.276795,-0.240375,-0.456766,-0.268728
"330",-0.190442,1.247167,0.180531,0.00042,-0.085358,-0.4288
"331",0.221751,0.65055,-0.454932,-0.311283,0.752961,0.089299
"332",-0.331722,-0.176608,0.046173,0.068246,0.314385,-0.332448
"333",0.571634,0.187569,0.208563,-0.368301,-0.542389,0.64225
"334",-0.269401,-0.310756,-0.033276,0.242628,-1.09229,0.292496
"335",-0.212158,-0.079082,0.42702,0.062028,-0.131708,0.165016
"336",1.551532,-0.007492,-0.146179,0.274812,0.318823,0.233095
"337",2.894669,-0.496196,-0.630592,-0.093208,-1.244667,-0.407614
"338",0.490436,-0.330014,0.088226,-0.282743,0.392936,-1.236879
"339",0.794501,-0.048559,-0.111061,0.225729,-0.694348,0.371026
"340",-0.102996,0.033774,-0.224643,-0.28037,0.093392,-0.320778
"341",0.729411,-0.099834,-0.288006,-0.174383,-0.08683,-0.053046
"342",0.015223,0.027822,-0.162231,0.080881,-0.097272,-0.388733
"343",0.121716,-0.196448,0.366751,-0.098817,0.040474,0.577289
"344",0.3279,0.048302,0.129001,-0.476799,-0.61241,0.078924
"345",1.661181,0.166136,-2.585899,-0.32193,0.704966,-0.19194
"346",-0.425617,-0.053388,-0.07096,-0.317895,-0.194973,0.121409
"347",-0.356007,-0.22852,0.188995,0.112638,1.252945,-0.339755
"348",-0.692483,-0.007101,0.936847,0.339188,0.393688,0.620433
"349",-0.655797,0.802799,-0.024523,-0.032983,-0.198225,-0.211317
"350",-0.345441,0.039585,0.203166,0.321827,0.180514,0.584142
"351",-0.347413,-0.202887,-0.246316,-0.228739,1.086614,-0.00058
"352",-0.889172,-0.176681,-0.08953,0.16322,0.46093,0.777539
"353",3.152968,1.752053,-0.257852,0.075835,0.809825,-0.792939
"354",0.314885,0.230566,-0.278225,0.060693,0.518705,0.898807
"355",-0.27793,-0.17107,-0.24639,0.723035,-0.153628,0.299049
"356",0.783526,-0.178467,-0.140412,0.236136,0.279222,-0.261979
"357",2.758006,-0.083644,0.054253,-0.445989,-0.514538,0.068247
"358",4.486492,1.926844,-0.439088,-0.015671,-0.470806,0.523055
"359",0.564469,0.029032,0.344296,-0.088658,-0.240188,-0.710419
"360",1.445171,-0.336512,0.291285,-0.366371,0.159984,0.792816
"361",0.725367,0.310741,0.37039,-0.146692,-0.876886,0.653048
"362",0.107084,-0.304821,-0.348262,-0.4096,-0.066373,0.066276
"363",-0.265766,-0.076355,0.894058,-0.293376,-0.809842,0.632376
"364",0.316938,0.084567,-0.23741,-0.189683,-0.212693,-0.079149
"365",-0.038742,0.09271,-0.38411,-0.166244,-0.086678,0.064594
"366",-0.501507,0.004873,-0.649391,-0.367115,0.323592,-0.010745
"367",0.27909,-0.150118,-0.039391,0.568027,-0.59154,-0.05112
"368",2.777272,-0.245955,-0.168849,0.042179,0.787769,0.173789
"369",0.190423,-0.337733,0.405995,-0.111969,0.455014,0.079377
"370",-0.637538,0.771114,0.650386,-0.433033,-0.623961,-0.528235
"371",0.167538,1.393601,0.26992,-0.0829,0.213866,-0.45577
"372",0.294004,0.053966,0.049904,0.067124,0.778444,0.452043
"373",-0.587101,-0.153779,-0.028904,-0.116507,-0.085833,0.108402
"374",-0.642576,-0.095271,-0.148886,0.08742,0.662598,-0.33633
"375",-0.502802,-0.265682,0.495916,0.299843,0.238749,0.885327
"376",-0.345171,-0.13866,-0.07096,-0.094897,0.899748,0.418148
"377",-1.288152,-0.387384,0.552879,-0.451965,-0.280681,-0.218456
"378",0.177929,0.776112,0.117947,0.248967,-0.743293,-0.110303
"379",-0.519788,0.019694,0.018789,-0.023032,0.013784,-0.010436
"380",-0.065292,-0.481569,-0.018143,-0.209853,-0.198097,0.343484
"381",0.335123,0.086022,0.071399,0.090467,-0.429383,0.529766
"382",2.973956,-0.338941,-0.199223,0.082583,-0.053048,0.024487
"383",0.322346,-0.191584,0.511346,0.001794,-0.145767,0.276258
"384",-0.167412,1.861519,0.28039,-0.024422,1.272966,-0.514233
"385",0,0.094289,-0.088437,-0.105989,0.152462,-0.635187
"386",-0.082127,0.222107,-0.30547,-0.14195,0.226555,0.008778
"387",0.887062,-0.129072,-0.526292,0.129212,-0.806456,-0.388633
"388",0.030897,-0.071496,-1.65452,-0.124686,0.167094,-0.05098
"389",-0.039856,-0.476882,0.088778,-0.195781,-0.663286,0.261422
"390",0.094734,-0.319229,0.021734,-0.167588,0.071867,-0.148168
"391",-0.265315,0.803639,1.735758,-0.12252,2.998789,-0.597348
"392",0.294239,-0.06043,0.582511,-0.193172,-0.023529,0.880342
"393",0.210495,0.018698,-0.244373,0.00051,-0.436741,-0.254815
"394",-0.080032,0.141854,0.244075,-0.076733,-0.177336,-0.340925
"395",-0.034091,-0.036735,-0.342028,-0.177398,-0.184974,0.998398
"396",-0.202713,-0.026729,0.281324,0.211093,0.529112,0.840243
"397",0.051534,-0.042595,1.019916,0.171619,-0.10822,0.09252
"398",-0.067931,-0.023821,0.612267,0.538205,-0.557571,0.016898
"399",0.000269,-0.188039,-0.073248,-0.003205,0.445587,0.19586
"400",0.837418,-0.087831,0.459077,0.218819,-0.441774,-0.151489
"401",0.351163,0.023347,-0.02278,0.000984,-0.423042,0.578982
"402",0.255777,-0.147751,-0.086507,0.46386,-0.160325,0.473582
"403",-0.263289,0.109502,0.391271,-0.293862,0.079448,0.827214
"404",-0.383055,0.011953,0.28963,0.530758,-0.573926,-0.933648
"405",-0.528415,1.282031,-0.109606,-0.386739,0.254895,-0.350435
"406",0.942017,-0.024184,0.377066,-0.035645,0.968556,-0.095381
"407",0.332138,-0.011445,0.307394,0.552867,-0.249507,0.642987
"408",0.381231,-0.093347,0.639724,0.550783,-0.711049,-0.094723
"409",0.114407,0.188515,0.496459,0.115438,-0.12216,-0.297924
"410",-0.170135,0.153656,-1.679537,-0.733459,0.691427,-0.86327
"411",-0.03235,0.055674,-0.036267,-0.255853,0.091257,-0.343387
"412",-0.886185,0.453383,0.300138,0.168654,1.525702,-0.074635
"413",3.100642,1.180039,-0.072537,0.205219,-0.436485,0.624782
"414",4.065766,3.061327,0.155296,0.0522,-0.604433,-0.137163
"415",4.303706,2.758443,-0.123831,0.329043,1.615652,-0.479083
"416",-0.184008,0.333033,-0.017382,-0.115251,-0.149701,0.028543
"417",0.803524,-0.072062,0.298179,-0.076687,1.227764,0.217666
"418",0.20513,-0.050942,0.329059,-0.5334,0.444684,0.173758
"419",0.057147,0.106914,0.124731,0.311147,-0.293026,-0.173833
"420",-0.580105,-0.091879,0.436901,0.345401,-0.803028,0.197523
"421",-0.083243,0.085231,0.47145,-0.373659,0.822427,-0.600634
"422",-0.006028,0.079585,-0.611101,-0.20981,1.133182,-0.095345
"423",0.328299,-0.012657,-0.598495,0.237125,-0.410936,0.168587
"424",0.159732,0.119282,-0.146257,0.224967,-0.662684,-0.09912
"425",0.465911,0.516634,0.329959,0.332508,-0.189377,-0.10973
"426",-0.139806,0.282337,0.229857,0.170459,0.323176,-0.228141
"427",-0.064897,1.52447,0.024057,-0.003728,0.020931,0.17915
"428",0.200147,0.135727,-0.170887,-0.155979,-0.116012,0.786582
"429",0.450407,0.095243,-0.35541,-0.265892,0.376578,1.132665
"430",0.131209,-0.089847,-0.308712,-0.23151,-0.061067,0.586066
"431",-0.114275,0.077098,0.394199,0.142886,-0.311535,0.096645
"432",0.836537,0.042878,-0.228831,0.199402,-0.596488,-0.495535
"433",0.029612,1.047735,-0.314549,-0.021582,0.762848,0.383903
"434",0.330707,0.049561,-0.187542,-0.118108,-0.613961,-0.101134
"435",0.223789,-0.008205,0.698574,0.098202,-0.032304,-0.263692
"436",-0.32492,-0.037889,0.329619,0.114157,-0.607181,0.169194
"437",-0.067061,0.115665,0.054771,0.105091,-0.215501,0.069662
"438",1.241047,-0.360176,0.089597,0.289349,-0.008906,-0.055015
"439",-0.34068,-0.043554,0.149258,-0.244096,-0.267904,-0.035322
"440",-0.359484,0.048011,0.028425,0.057106,1.302768,-0.661227
"441",0.22801,0.184553,-0.244829,0.126162,0.414783,0.101747
"442",0.251295,1.454466,0.211069,-0.012062,0.240642,-0.067595
"443",0.042258,-0.323338,0.306645,-0.174953,-0.222614,0.085937
"444",-0.014279,-0.011626,0.301176,0.149196,-0.052391,0.024809
