"","GATA3","ZNF148","TUBB","CCLE_Name"
"1",0.200371571624125,0.00996465702399058,0.998366370301114,"UMUC3_URINARY_TRACT"
"2",0.524656357070376,8.16851688895445e-05,0.987442749562578,"HUNS1_HAEMATOPOIETIC_AND_LYMPHOID_TISSUE"
"3",0.228349683883675,0.00438210114801566,0.999396790209653,"AML193_HAEMATOPOIETIC_AND_LYMPHOID_TISSUE"
"4",0.0376140169405189,0.042674798602622,0.988612296822966,"RVH421_SKIN"
"5",0.247722327871663,9.74341057005282e-05,0.989421926685539,"TC71_BONE"
"6",0.347367106072709,0.000369173161325835,0.988334606561345,"SNU449_LIVER"
"7",0.171726112995305,0.000111864703011303,0.992234479747998,"NCIH28_PLEURA"
"8",0.129248182891829,0.00202755177871375,0.999560540436037,"JHOS4_OVARY"
"9",0.273814418213506,0.00212054117565387,0.986381254364319,"KYSE450_OESOPHAGUS"
"10",0.195482522383747,0.0142008458341417,0.972554900090595,"RMUGS_OVARY"
"11",0.150474715615787,0.00266005442205786,0.993442219171562,"KLE_ENDOMETRIUM"
"12",0.32524659065795,0.00797388657769977,0.992620593422386,"P31FUJ_HAEMATOPOIETIC_AND_LYMPHOID_TISSUE"
"13",0.288902225006217,0.0564271474060979,0.981688298905752,"RKN_SOFT_TISSUE"
"14",0.235816655812048,0.000883957730594816,0.991074639311895,"PATU8988S_PANCREAS"
"15",0.507794800454698,0.010407055530191,0.85644533502332,"NH6_AUTONOMIC_GANGLIA"
"16",0.542555154414312,0.00766623995847122,0.989135035164371,"OUMS23_LARGE_INTESTINE"
"17",0.356206258702521,0.000432294734832354,0.984025844919992,"SNGM_ENDOMETRIUM"
"18",0.248249582984787,0.0110090813123174,0.999601936540042,"HT1080_SOFT_TISSUE"
"19",0.184919145135482,0.00607808974158122,0.986997972183509,"NCIH2087_LUNG"
"20",0.218213892119148,0.0105387201946257,0.986432803999523,"COV318_OVARY"
"21",0.00429549966835854,0.000165889431335681,0.926528472039717,"CAKI1_KIDNEY"
"22",0.223034016983331,0.000106319826550564,0.972566705017996,"NCIH716_LARGE_INTESTINE"
"23",0.181663724370506,0.0122433335505753,0.990408262218964,"HS746T_STOMACH"
"24",0.359100870484381,2.75621398547494e-05,0.970856024565856,"HEC151_ENDOMETRIUM"
"25",0.551929343372472,6.43703870998422e-07,0.967413572680808,"MSTO211H_PLEURA"
"26",0.517451064848174,0.00022575636314219,0.989153135824001,"SUPT1_HAEMATOPOIETIC_AND_LYMPHOID_TISSUE"
"27",0.237438395934609,4.17854400678305e-05,0.997568007003579,"JHH7_LIVER"
"28",0.249232244841168,0.0076052111291026,0.984269362799708,"5637_URINARY_TRACT"
"29",0.105391163728974,0.000769331190752625,0.488076700619293,"DU4475_BREAST"
"30",0.000291837853934518,1.33219343249951e-05,0.994778479731683,"NCIH1573_LUNG"
"31",0.0382629233528698,0.00850419019317525,0.9950347487703,"SKUT1_SOFT_TISSUE"
"32",0.417075461016126,0.00735458504136836,0.973329074752021,"NCIH1666_LUNG"
"33",0.0403175849902177,0.000856920772092994,0.981993572002932,"ISTMES1_PLEURA"
"34",0.0732217609832014,0.0166119711586607,0.98992884879779,"NCIH322_LUNG"
"35",0.111882568967801,0.0342267204773425,0.713773898606359,"NCIH2291_LUNG"
"36",0.00151790949518709,0.00763659088675033,0.943161480423967,"BICR16_UPPER_AERODIGESTIVE_TRACT"
"37",0.0404221232388991,0.000326614983077175,0.984844684200796,"TE10_OESOPHAGUS"
"38",0.118314735098022,0.00592480706954756,0.98979551342365,"BICR6_UPPER_AERODIGESTIVE_TRACT"
"39",0.0829919809617748,0.00725627836923612,0.997976939628264,"BHY_UPPER_AERODIGESTIVE_TRACT"
"40",0.835804273742818,9.35645723992653e-05,0.990427424226763,"KPL1_BREAST"
"41",0.190483585080857,7.89306421017485e-05,0.961229888752961,"TUHR4TKB_KIDNEY"
"42",0.00866283556063721,0.00557258881937161,0.999996885298886,"HEL_HAEMATOPOIETIC_AND_LYMPHOID_TISSUE"
"43",0.00419356417164001,0.000252928410070104,0.980775934705938,"RCC10RGB_KIDNEY"
"44",0.123799935645789,0.0493254787228849,0.998621319876908,"JHOM1_OVARY"
"45",0.278694040205831,0.032207210342251,0.981327846304753,"TE6_OESOPHAGUS"
"46",0.16222746163728,0.0276869128475563,0.998245255481207,"JHOC5_OVARY"
"47",0.135081843422267,0.00365208202384825,0.975396415256537,"ACCMESO1_PLEURA"
"48",0.201240087073994,0.00288330197794779,0.988394114373015,"LMSU_STOMACH"
"49",0.31507105922532,0.00136929705101005,0.969469124118181,"OSRC2_KIDNEY"
"50",0.484058220834094,0.0332155572976715,0.974149452578978,"PANC0203_PANCREAS"
"51",0.0786583568882521,0.000314456467234049,0.983259250214246,"CJM_SKIN"
"52",0.420294766290723,0.0165451059784652,0.982415944617532,"BICR22_UPPER_AERODIGESTIVE_TRACT"
"53",0.228602571469746,0.0102863526479106,0.870224432150357,"TE4_OESOPHAGUS"
"54",0.0211128054067135,0.000179919036121641,0.984721387752726,"TUHR14TKB_KIDNEY"
"55",0.340604110636303,0.102091240605569,0.978346617269762,"YD15_SALIVARY_GLAND"
"56",0.124754900092389,0.0229814201109016,0.999233747260552,"SNU761_LIVER"
"57",0.102124039186656,0.000586903058104645,0.96576219643934,"TUHR10TKB_KIDNEY"
"58",0.104475539695924,0.0159217147751308,0.980481326691942,"HEC1B_ENDOMETRIUM"
"59",0.137136906533189,0.10935824878851,0.977208452506785,"OVK18_OVARY"
"60",0.214693147709526,0.229074414487744,0.994092692785098,"SNU1077_ENDOMETRIUM"
"61",0.15424149151713,0.2497603796081,0.989372841051189,"SNU213_PANCREAS"
"62",0.150884283350825,0.0228815030407068,0.972564935901948,"HT115_LARGE_INTESTINE"
"63",0.157605328478895,0.0430450957874905,0.9827653501423,"TE8_OESOPHAGUS"
"64",0.107046655042579,0.103128717756976,0.984040284807196,"LI7_LIVER"
"65",0.444863855475676,0.0287650247649001,0.991161828100602,"NCIH838_LUNG"
"66",0.305854831423533,8.69192732083897e-05,0.303977195754658,"GSS_STOMACH"
"67",0.496693222982792,0.00448767876854962,0.905360494433484,"GSU_STOMACH"
"68",0.223246235680972,0.00932497512779095,0.988027070008644,"MDAMB231_BREAST"
"69",0.207125392736108,0.0263089765084951,0.97632687180792,"OV90_OVARY"
"70",0.053576632068487,0.00239864964065722,0.9988946282221,"OVTOKO_OVARY"
"71",0.07899876588853,0.00968755795242448,1,"HLF_LIVER"
"72",0.163180435577318,0.00949788322037876,0.991559262299781,"SW1463_LARGE_INTESTINE"
"73",0.178915415697433,0.000420365977019989,0.989325279168305,"SF295_CENTRAL_NERVOUS_SYSTEM"
"74",0.0331574270854734,0.0041244126898311,0.960363544061783,"WM115_SKIN"
"75",0.126730387525897,0.00134990809131281,0.999916512980853,"JHH4_LIVER"
"76",0.0669362205984945,0.0204029176504683,0.997901660512112,"OE33_OESOPHAGUS"
"77",0.00288772250002912,0.00672328922901398,0.740841463451388,"CCK81_LARGE_INTESTINE"
"78",0.27641601422431,0.00217774694544404,0.921653357233805,"JHH1_LIVER"
"79",0.742026298857066,0.00866509353754081,0.987134196539651,"SJSA1_BONE"
"80",0.386981781409057,0.0152139774182992,0.993506728731116,"RERFLCAI_LUNG"
"81",0.333735372741681,0.00180736872231299,0.989089431519608,"SKMES1_LUNG"
"82",0.294884073431522,0.00486836667650785,0.976084620862134,"NCIH520_LUNG"
"83",0.0391977034127141,0.0186028327725575,0.996628482496259,"JHH5_LIVER"
"84",0.256870007699571,0.000805694519464262,0.966972157918739,"FU97_STOMACH"
"85",0.31818189472216,0.129965730710287,0.98698324967181,"COLO800_SKIN"
"86",0.633899661684233,0.00159614479630336,0.983282276857439,"J82_URINARY_TRACT"
"87",0.600698191583561,1.69036599345977e-06,0.97896535657835,"HCC15_LUNG"
"88",0.144325546366769,0.0121658505254597,0.992954419579479,"M059K_CENTRAL_NERVOUS_SYSTEM"
"89",0.509314798470497,0.0272450635037603,0.997708600057096,"CALU6_LUNG"
"90",0.254863714781944,0.00403016120549895,0.958908421848399,"UACC62_SKIN"
"91",0.0384568621584642,0.00383527383073887,0.893517487981956,"MFE319_ENDOMETRIUM"
"92",0.151763119347471,0.000654058016671369,0.991355921795162,"GI1_CENTRAL_NERVOUS_SYSTEM"
"93",0.848366307690828,0.00660888490018673,0.985242842037886,"PC14_LUNG"
"94",0.335957585462687,0.00541732895716437,0.992594619179138,"KYSE410_OESOPHAGUS"
"95",0.0885397489097527,0.0788151385652163,0.984640335819063,"DANG_PANCREAS"
"96",0.0851048427257949,0.000592577947567891,0.982515149151431,"NCIH460_LUNG"
"97",0.267167434233813,0.00396444458647936,0.990028956833974,"KYSE140_OESOPHAGUS"
"98",0.177028632141291,0.00620428937008818,0.987417885089601,"KYSE180_OESOPHAGUS"
"99",0.268020478111918,0.0254432799273992,0.986226458259236,"HUPT3_PANCREAS"
"100",0.0488789219333251,3.95620987079976e-05,0.417331034812342,"EFE184_ENDOMETRIUM"
"101",0.031797321272261,0.00244077289772746,0.985222998218545,"GCIY_STOMACH"
"102",0.0279680658575938,0.0159688458940205,0.987271192140733,"SH10TC_STOMACH"
"103",0.0229198476033821,0.00484916272831914,0.984894101315954,"KMS26_HAEMATOPOIETIC_AND_LYMPHOID_TISSUE"
"104",0.426027090704836,5.23022073358534e-07,0.997304461769346,"KMS27_HAEMATOPOIETIC_AND_LYMPHOID_TISSUE"
"105",0.0907947525062957,0.000572906868324095,0.990766469935209,"KNS60_CENTRAL_NERVOUS_SYSTEM"
"106",0.239643855266176,0.00183067882144468,0.996298670514701,"KNS81_CENTRAL_NERVOUS_SYSTEM"
"107",0.246475356351772,0.0162910002748297,0.978173739882833,"LU99_LUNG"
"108",0.908856613674061,8.21340812033939e-07,0.985157069020214,"KMS34_HAEMATOPOIETIC_AND_LYMPHOID_TISSUE"
"109",0.0870603007874013,0.00466908460781945,0.975988109040074,"MKN74_STOMACH"
"110",0.0534953233223526,0.077490476517286,0.985992199899828,"KP3_PANCREAS"
"111",0.358127212964574,0.00443935725479925,0.99987978966125,"HSC2_UPPER_AERODIGESTIVE_TRACT"
"112",0.0660038193485187,0.00903328373279286,0.632557108432817,"HUH7_LIVER"
"113",0.369866834200023,0.0215085887353993,0.99272311277638,"KMRC20_KIDNEY"
"114",0.402808798667705,0.0039831706363929,0.996075869805081,"KIJK_HAEMATOPOIETIC_AND_LYMPHOID_TISSUE"
"115",0.174264034365825,0.0143581065875292,0.994192199137702,"KALS1_CENTRAL_NERVOUS_SYSTEM"
"116",0.0243122018314978,0.0176398696209111,0.999966172400396,"HEL9217_HAEMATOPOIETIC_AND_LYMPHOID_TISSUE"
"117",0.514126529338694,0.000500621905975732,0.986833359363924,"HEC265_ENDOMETRIUM"
"118",0.186149624403999,0.045072959733724,0.992224695814775,"THP1_HAEMATOPOIETIC_AND_LYMPHOID_TISSUE"
"119",0.160015230157735,0.00421855642880367,0.98731855407439,"A3KAW_HAEMATOPOIETIC_AND_LYMPHOID_TISSUE"
"120",0.00587415265573243,0.00103462244527757,0.989039509929991,"HCC1954_BREAST"
"121",0.917955636165606,0.0050762256193291,0.999235063540692,"CAMA1_BREAST"
"122",0.16710608887413,0.00452789470824562,0.793722405545816,"HEC6_ENDOMETRIUM"
"123",0.229375901126274,0.000544101559117436,0.982145543850713,"HEC50B_ENDOMETRIUM"
"124",0.00263780922826875,0.00166204689009028,0.958745367093457,"HSC3_UPPER_AERODIGESTIVE_TRACT"
"125",0.24796688178086,3.11562707472326e-05,0.981448651836977,"KMS11_HAEMATOPOIETIC_AND_LYMPHOID_TISSUE"
"126",0.206206528519608,0.000882913248226596,0.986808626118148,"KP4_PANCREAS"
"127",0.129888360874664,1.76050715694344e-05,0.995154702151128,"KE39_STOMACH"
"128",0.0663166487353867,0.00279113512252588,0.986117084361746,"VMRCRCW_KIDNEY"
"129",0.0773328942023573,0.00569351808649315,0.992802272754023,"HGC27_STOMACH"
"130",0.105109032909509,0.00390305122949122,0.984280930369763,"LUDLU1_LUNG"
"131",0.256604067286269,0.0203326005855169,0.983411729646825,"HMC18_BREAST"
"132",0.427039813006035,0.0271057750545393,0.994780097322467,"CAS1_CENTRAL_NERVOUS_SYSTEM"
"133",0.473572009807119,0.00122244891378734,0.990355635788628,"KMM1_HAEMATOPOIETIC_AND_LYMPHOID_TISSUE"
"134",0.360367720857726,0.000544931540571342,0.980488114097354,"CORL23_LUNG"
"135",0.0273839110289094,0.0152800416091421,0.989351728439103,"MORCPR_LUNG"
"136",0.0666121634976004,0.00234742761348319,0.989112049413806,"HARA_LUNG"
"137",0.0629634198890566,0.0164736383390252,0.999984141251245,"SKOV3_OVARY"
"138",0.965913122845296,0.0829239608645253,0.999589441813986,"NCIH1568_LUNG"
"139",0.0573067071004329,0.0034961801218299,0.986434215959688,"A673_BONE"
"140",0.189717409740132,0.00968740290642679,0.976658610731453,"AU565_BREAST"
"141",0.20025292632497,0.0083303402026295,0.833377340009628,"COLO201_LARGE_INTESTINE"
"142",0.296788032566225,0.00108800237921528,0.990868535295998,"CFPAC1_PANCREAS"
"143",0.221366327222357,0.00325151630585675,0.990057213284945,"NCIH1650_LUNG"
"144",0.418354254239655,0.0100390603363156,0.986893958260303,"NCIH1437_LUNG"
"145",0.254613029384735,0.00368941483157219,0.973416290736718,"KNS62_LUNG"
"146",0.0384465562174122,0.0163538188523807,0.987140086801484,"HS578T_BREAST"
"147",0.347974371788987,0.0200890023827525,0.993987688347723,"SKNMC_BONE"
"148",0.766768941610797,0.0037717336199226,0.947262806482691,"FADU_UPPER_AERODIGESTIVE_TRACT"
"149",0.0616433791823782,0.00147096869214205,0.977007772595348,"MDAMB436_BREAST"
"150",0.0173871641992162,0.00982381796282623,0.98751959417286,"DB_HAEMATOPOIETIC_AND_LYMPHOID_TISSUE"
"151",0.636735534227344,0.000350915217080377,0.994113541052859,"RDES_BONE"
"152",0.311707334444945,0.00134769064662086,0.995883297452674,"CAL27_UPPER_AERODIGESTIVE_TRACT"
"153",0.102709097098149,0.0526560668090657,0.985210107385659,"NCIH1792_LUNG"
"154",0.132861920053585,0.0634884977737463,0.988473998510932,"GCT_SOFT_TISSUE"
"155",0.478688491763633,0.0676631349806481,0.999892328844871,"SKBR3_BREAST"
"156",0.142129972098471,0.00184974853917894,0.796075837760248,"NCIN87_STOMACH"
"157",0.0578553954389064,0.012383526510894,0.98553046462016,"U2OS_BONE"
"158",0.423881332782697,0.00111174031227743,0.994643913271539,"H4_CENTRAL_NERVOUS_SYSTEM"
"159",0.0494232871169429,0.00177082843744879,0.988896478055593,"HCC1143_BREAST"
"160",0.0168741460634528,9.65066256752229e-05,0.971332296281248,"T24_URINARY_TRACT"
"161",0.268450218866124,0.0153564970599069,0.988638060299953,"HCC1937_BREAST"
"162",0.11880569726934,0.00733964244388987,0.992422015149474,"SAOS2_BONE"
"163",0.113145582400993,0.00836180280750502,0.994642838992081,"D283MED_CENTRAL_NERVOUS_SYSTEM"
"164",0.0193466328437508,0.0127465973818057,0.99996233938946,"HCC1395_BREAST"
"165",0.500134142148532,0.0178335630195466,0.996425286506667,"TEN_ENDOMETRIUM"
"166",0.182035985687137,0.0153461312651924,0.984863512074232,"TE9_OESOPHAGUS"
"167",0.272779266435483,0.0128761689786561,0.973332953362406,"KNS42_CENTRAL_NERVOUS_SYSTEM"
"168",0.0897391355543083,0.00320210093770079,0.998907674929536,"KYSE520_OESOPHAGUS"
"169",0.139742909826519,0.00185152439771213,0.989307875521472,"KYSE270_OESOPHAGUS"
"170",0.305415727825825,0.000817871744309954,0.555367766066123,"JHUEM1_ENDOMETRIUM"
"171",0.393105709013268,0.0259678983580659,0.992821313012419,"YH13_CENTRAL_NERVOUS_SYSTEM"
"172",0.0576601507302796,0.00132749151029253,0.818285953293722,"IALM_LUNG"
"173",0.248714117604805,0.0304546234363636,0.964821989960687,"NCIH2052_PLEURA"
"174",0.412293628871804,0.0126272522925974,0.928141532105158,"SKNFI_AUTONOMIC_GANGLIA"
"175",0.628550330892496,0.0139915692846628,0.99990850098561,"SKNAS_AUTONOMIC_GANGLIA"
"176",0.0393781259709606,0.00447998898313026,0.987923096872288,"SNU398_LIVER"
"177",0.166168872866904,0.00107121825412519,0.999875986020262,"SCC4_UPPER_AERODIGESTIVE_TRACT"
"178",0.0772809338507702,0.143036120585757,0.985982875256018,"C2BBE1_LARGE_INTESTINE"
"179",0.477870046220507,3.61819698963106e-05,0.989317312068904,"SKES1_BONE"
"180",0.850099848755037,1.18489914341487e-05,0.973570843261713,"HEC251_ENDOMETRIUM"
"181",0.0622755763896039,3.61036399253177e-05,0.999062210505614,"HCC95_LUNG"
"182",0.592220792864394,0.000822574496726171,0.988119362683601,"253J_URINARY_TRACT"
"183",0.137762946138019,0.0254394221117005,0.999992041192474,"RPMI7951_SKIN"
"184",0.0202913172947676,0.000772063662251235,0.991330525882552,"SNU1041_UPPER_AERODIGESTIVE_TRACT"
"185",0.178574650989163,0.0194260601798286,0.999319576303656,"HCC1359_LUNG"
"186",0.161577366053075,0.00699255735962233,0.999975521201554,"BICR31_UPPER_AERODIGESTIVE_TRACT"
"187",0.159097190244534,0.00561694838945823,0.951050364262064,"COV362_OVARY"
"188",0.0574658546159694,0.0110715421264893,0.857297870372552,"COLO792_SKIN"
"189",0.0982116710476632,0.00956692225400324,0.988084294535085,"COV434_OVARY"
"190",0.107383500611828,0.0170976058616846,0.998022565066544,"WM983B_SKIN"
"191",0.0597381507681317,0.00490542045251866,0.575186376381787,"LS513_LARGE_INTESTINE"
"192",0.272566375009646,4.19148185947332e-05,0.987909390128142,"NCIH2110_LUNG"
"193",0.653890641422851,0.0118816015151325,0.986447303034055,"CHAGOK1_LUNG"
"194",0.374918842098027,0.0293389095608775,0.999761310532735,"NCIH2286_LUNG"
"195",0.210073490049266,0.00394375337103285,0.999978815755725,"NCIH1339_LUNG"
"196",0.233572872423821,0.00212499809676408,0.988034359280315,"WM793_SKIN"
"197",0.151971501428439,0.0118345320519434,0.988396128250061,"MDAMB435S_SKIN"
"198",0.0275225815185818,0.0237806763273318,0.999557958631834,"WM1799_SKIN"
"199",0.192281701936095,0.0450572946264815,0.950801902797518,"SW837_LARGE_INTESTINE"
"200",0.199234635745723,0.196077531281981,0.990197899184821,"IGR1_SKIN"
"201",0.135590679790366,0.00913568356411294,0.964282313957135,"COV644_OVARY"
"202",0.136894974320003,0.00814968351354246,0.854042712578431,"PECAPJ15_UPPER_AERODIGESTIVE_TRACT"
"203",0.182608465643303,0.400722076624965,0.989330734381218,"PECAPJ49_UPPER_AERODIGESTIVE_TRACT"
"204",0.207026010913164,0.00157698093167864,0.984864366219937,"PECAPJ34CLONEC12_UPPER_AERODIGESTIVE_TRACT"
"205",0.302731126893682,4.23744580802941e-05,0.98730078698738,"PECAPJ41CLONED2_UPPER_AERODIGESTIVE_TRACT"
"206",0.00515561429497894,0.0199400439933366,0.989759409296888,"OV7_OVARY"
"207",0.0917392455548936,0.000761118405720789,0.784593987193737,"HT55_LARGE_INTESTINE"
"208",0.131851712318328,0.00334506942993851,0.985042657869895,"MDST8_LARGE_INTESTINE"
"209",0.228773014741168,0.000363635400579555,0.990190064403702,"OAW28_OVARY"
"210",0.159128920493669,0.00497284754625595,0.991074239553445,"SUIT2_PANCREAS"
"211",0.0831695175095694,0.00889936896823702,0.968075948740972,"KASUMI1_HAEMATOPOIETIC_AND_LYMPHOID_TISSUE"
"212",0.254469680328521,0.00481572609000859,0.982666651011864,"SKHEP1_LIVER"
"213",0.328195492763791,0.0559180983413594,0.904391133788142,"OVCAR8_OVARY"
"214",0.243479413702425,0.000544586989841266,0.986857507451277,"NCIH2172_LUNG"
"215",0.14885126420316,0.0552332822650229,0.663063076305965,"SW1573_LUNG"
"216",0.0364150500801737,0.0227167563352436,0.89400471278626,"OVMANA_OVARY"
"217",0.155381816606963,0.0177753585489417,0.999910414772916,"KARPAS299_HAEMATOPOIETIC_AND_LYMPHOID_TISSUE"
"218",0.513324341399544,0.00242172375295043,0.824871497826225,"YAPC_PANCREAS"
"219",0.592890354139141,0.00243653849849356,0.978100157198992,"HT1197_URINARY_TRACT"
"220",0.910321558788989,0.000382678519630775,0.985081804633523,"HCC366_LUNG"
"221",0.6513017234596,1.02893994397894e-05,0.929633504006763,"DKMG_CENTRAL_NERVOUS_SYSTEM"
"222",0.122183515570699,0.0306787083106292,0.985747148418756,"SNU349_KIDNEY"
"223",0.0190421877870309,0.0215026335729601,0.986864383418073,"UMUC1_URINARY_TRACT"
"224",0.12305542582585,0.000180214082941149,0.985893375704323,"NCIH292_LUNG"
"225",0.389150545916505,0.0136986870262084,0.993724537803109,"59M_OVARY"
"226",0.223712892571517,0.0180240344681548,0.988060871739259,"U118MG_CENTRAL_NERVOUS_SYSTEM"
"227",0.0220268375739257,0.0024372621208823,0.99994960268095,"RH30_SOFT_TISSUE"
"228",0.446275210103481,0.0189913004663383,0.99080557385042,"TCCSUP_URINARY_TRACT"
"229",0.339570155543094,0.000493821047054835,0.999503799489894,"SNU601_STOMACH"
"230",0.0782512880767812,0.00912500229506014,0.999897231456521,"CAL33_UPPER_AERODIGESTIVE_TRACT"
"231",0.625944541326839,0.000794969571499421,0.968969117874985,"CORL279_LUNG"
"232",0.429469496116342,0.00553643567336104,0.997594471513045,"GB1_CENTRAL_NERVOUS_SYSTEM"
"233",0.411494367982501,0.35741366547016,0.99694102599823,"KURAMOCHI_OVARY"
"234",0.488826771269423,0.0436124965002173,0.98032625114209,"SNU685_ENDOMETRIUM"
"235",0.208976557152899,0.0104546591480443,0.999965306918824,"SNU886_LIVER"
"236",0.408777211428628,0.00628468308444021,0.764740543203401,"SNU719_STOMACH"
"237",0.0828017162030005,0.00622933397387289,0.990390740600992,"A2058_SKIN"
"238",0.1970993544375,0.000225731812110346,0.985245257639579,"SNU1076_UPPER_AERODIGESTIVE_TRACT"
"239",0.259095015774465,0.00336839004730644,0.985854045535214,"SNU201_CENTRAL_NERVOUS_SYSTEM"
"240",0.167245472378842,0.00050476143738435,0.989586732667603,"KMS20_HAEMATOPOIETIC_AND_LYMPHOID_TISSUE"
"241",0.155820075020883,0.000365999520290589,0.98509080970001,"SNU216_STOMACH"
"242",0.0965600968980721,0.00029745265972635,0.982400008502504,"SNU1196_BILIARY_TRACT"
"243",0.0944822488554133,0.00117228791910448,0.979148483313138,"YD38_UPPER_AERODIGESTIVE_TRACT"
"244",0.101670042933594,0.00359647245512125,1,"SNU1105_CENTRAL_NERVOUS_SYSTEM"
"245",0.081960748216933,0.0778787925287045,0.975227870611439,"SNU46_UPPER_AERODIGESTIVE_TRACT"
"246",0.157795683241594,0.0254886840445607,0.997663266678993,"YD8_UPPER_AERODIGESTIVE_TRACT"
"247",0.500979944025563,0.135174074140852,0.982485402654718,"SNU410_PANCREAS"
"248",0.136011740362654,0.0660476418967301,0.83528093183595,"SNU503_LARGE_INTESTINE"
"249",0.0243252830502852,0.000205688113381103,0.986843585972107,"SNU840_OVARY"
"250",0.200128697356538,0.148854968314685,0.994028035134749,"SNU8_OVARY"
"251",0.0902909683208434,0.00830497448922403,0.996353473638262,"IGR39_SKIN"
"252",0.210906133863884,0.126239359567947,0.982333856781058,"DAOY_CENTRAL_NERVOUS_SYSTEM"
"253",0.138339019643085,0.00848316860234953,0.999999181865438,"JMSU1_URINARY_TRACT"
"254",0.962813862624345,0.0133220216336105,0.947683235544251,"IMR32_AUTONOMIC_GANGLIA"
"255",0.51061742216555,0.00364034004901695,0.986690245543495,"T3M4_PANCREAS"
"256",0.0657777146902293,0.0251312856847772,0.988020558591832,"PK45H_PANCREAS"
"257",0.0481143051927469,0.0041948010445619,0.981172595798634,"HEC59_ENDOMETRIUM"
"258",0.0188886215951242,0.000677976006686733,0.996274632523051,"PLCPRF5_LIVER"
"259",0.821740999687099,0.00646853873838434,0.580136730902001,"KPNYN_AUTONOMIC_GANGLIA"
"260",0.265695535149327,0.0042416263585767,0.99127670300445,"CCFSTTG1_CENTRAL_NERVOUS_SYSTEM"
"261",0.24507749480192,0.0181320486265353,0.975703553367583,"NCIH2023_LUNG"
"262",0.518388292709173,0.000842859146400688,0.999889074326834,"D341MED_CENTRAL_NERVOUS_SYSTEM"
"263",0.0355222304104534,0.0107629747581505,0.999915982078182,"HT144_SKIN"
"264",0.910719268606241,0.00561324363985826,0.943370768682374,"ZR751_BREAST"
"265",0.696040931242064,0.00235856830450921,0.985339284641981,"SKNBE2_AUTONOMIC_GANGLIA"
"266",0.196328736747332,0.0127269859726994,0.993289771649355,"NCIH2452_PLEURA"
"267",0.228302659498379,0.044291883168785,0.997077867399286,"SNU1_STOMACH"
"268",0.0298353479903808,0.00338335023701574,0.891753104926229,"HCC56_LARGE_INTESTINE"
"269",0.506774555788731,0.00349299742414706,0.953361765403379,"NCIH1648_LUNG"
"270",0.230729803629338,0.00323075551816547,0.995179210814187,"MPP89_PLEURA"
"271",0.0698444626229694,0.00493229978837997,0.983283881304026,"PK1_PANCREAS"
"272",0.165718036303637,0.000392177824092545,0.976865928354792,"NCIH23_LUNG"
"273",0.101382838272549,0.000519341448662837,0.974062672114444,"BL70_HAEMATOPOIETIC_AND_LYMPHOID_TISSUE"
"274",0.407814035535965,0.0447014259758083,0.990218923348267,"G292CLONEA141B1_BONE"
"275",0.268704099144321,0.0115680286621933,0.986654445874565,"NCIH1693_LUNG"
"276",0.377806558903777,0.00856474885669595,0.993257520572152,"HS683_CENTRAL_NERVOUS_SYSTEM"
"277",0.0442233410457535,0.0351859177419849,0.923481663718311,"RKO_LARGE_INTESTINE"
"278",0.497615040797252,0.0132147748350759,1,"HS729_SOFT_TISSUE"
"279",0.211658957194115,0.0167832511508832,0.987709512154194,"JHOS2_OVARY"
"280",0.961794455651303,0.00354614715505315,0.931581550044574,"MCF7_BREAST"
"281",0.920114348908474,0.0115798987188276,0.998866021823725,"HCC202_BREAST"
"282",0.399188305962198,0.00435486370198705,1,"REH_HAEMATOPOIETIC_AND_LYMPHOID_TISSUE"
"283",0.0478473665369341,0.000476951691654484,0.984371806387297,"ONS76_CENTRAL_NERVOUS_SYSTEM"
"284",0.941280050696293,0.00883639085845174,0.99377409765001,"SKNDZ_AUTONOMIC_GANGLIA"
"285",0.108578865056967,0.0383636233736223,0.999902669496958,"MDAMB157_BREAST"
"286",0.22813524300669,0.00252908997520596,0.996963465284187,"LN18_CENTRAL_NERVOUS_SYSTEM"
"287",0.299292181213848,0.0011395418843472,0.984317489961036,"769P_KIDNEY"
"288",0.126298336203422,0.000209892753301169,0.987900190972065,"786O_KIDNEY"
"289",0.0953903453429862,0.000753044625805909,0.970919207229639,"CAOV3_OVARY"
"290",0.172970059604604,0.181786050154499,0.998208319190598,"MIAPACA2_PANCREAS"
"291",0.192977349910123,0.0107911552587758,0.986866014813522,"MCAS_OVARY"
"292",0.155315383989584,0.253128368004288,0.990126368120395,"IPC298_SKIN"
"293",0.215343301195565,0.0388919442675543,0.991727787713504,"HS766T_PANCREAS"
"294",0.164870100003736,0.0037690862283722,0.983788188411537,"EFO27_OVARY"
"295",0.341734931742069,0.000462906191669647,0.98578616929775,"A2780_OVARY"
"296",0.403012035196863,0.0826540365990749,0.965713823530724,"SKMEL24_SKIN"
"297",0.219768683759929,0.0529521799044424,0.993716502431348,"K029AX_SKIN"
"298",0.909705431531999,0.00254062522323068,0.999996102158543,"HT1376_URINARY_TRACT"
"299",0.373582378761208,0.0636627497621789,0.993917144564605,"PANC1005_PANCREAS"
"300",0.0913970657461763,0.00870328587079355,0.986729169411957,"HS695T_SKIN"
"301",0.0678756907961816,0.000226858513442416,0.938471929897617,"LK2_LUNG"
"302",0.106138894026594,0.000117501004799255,0.985463245880708,"TOV21G_OVARY"
"303",0.189514179356251,0.0486440717922926,0.985103630290586,"ASPC1_PANCREAS"
"304",0.0498013623374017,0.0218088658706115,0.989736490165745,"NCIH441_LUNG"
"305",0.0500845676601542,0.0217057669554702,0.999999995258232,"NCIH2030_LUNG"
"306",0.283790380076363,0.00309539696032606,1,"MALME3M_SKIN"
"307",0.10612267091103,0.105267312220336,1,"T98G_CENTRAL_NERVOUS_SYSTEM"
"308",0.166861145148118,0.0275615763197949,0.971545070771549,"HEYA8_OVARY"
"309",0.327360004344252,0.0493340903737694,0.987046528601278,"NCIH2122_LUNG"
"310",0.0836232581489717,0.00562271840835606,0.993970631286942,"MELJUSO_SKIN"
"311",0.24215617685066,0.00149166861377816,0.985454932085904,"SW620_LARGE_INTESTINE"
"312",0.0862925117161954,0.00372003285612277,0.99962511424912,"MM1S_HAEMATOPOIETIC_AND_LYMPHOID_TISSUE"
"313",0.307364982542301,0.00116222717991586,0.998443021252042,"A549_LUNG"
"314",0.143370674977351,0.0193717964131361,0.97894967948482,"COLO679_SKIN"
"315",0.0450921048942031,0.0131578179489853,0.981913950707166,"KP2_PANCREAS"
"316",0.395200450922508,0.0122751709624085,0.974848321784322,"HUH1_LIVER"
"317",0.95753570208673,0.00328262362283819,0.997264263187169,"MDAMB453_BREAST"
"318",0.203777255703349,0.010609138352786,0.990380378600426,"PANC0403_PANCREAS"
"319",0.105483820335136,0.0288435916741982,0.983449462543504,"OVISE_OVARY"
"320",0.900863284839003,0.00382700425197339,0.989406587813104,"EFM19_BREAST"
"321",0.14956003362885,0.0199817774514576,0.976529530293741,"MELHO_SKIN"
"322",0.203921949912427,1.53133508528604e-05,0.986407555790371,"SEM_HAEMATOPOIETIC_AND_LYMPHOID_TISSUE"
"323",0.0575875401703628,0.0349656299523265,0.999573174387768,"42MGBA_CENTRAL_NERVOUS_SYSTEM"
"324",0.101800570743692,0.00102998016285599,0.987172035041354,"KYSE70_OESOPHAGUS"
"325",0.360675974635588,0.0117239190800163,0.988165507418287,"GAMG_CENTRAL_NERVOUS_SYSTEM"
"326",0.104950498832737,0.008267412269411,0.967084133894572,"EN_ENDOMETRIUM"
"327",0.0140785907295159,0.00430053116832902,0.976326900968292,"HDMYZ_HAEMATOPOIETIC_AND_LYMPHOID_TISSUE"
"328",0.171870219241591,0.0162454774675135,0.989122367120173,"YKG1_CENTRAL_NERVOUS_SYSTEM"
"329",0.377774574600388,0.0299807092716325,0.988570479130737,"ESS1_ENDOMETRIUM"
"330",0.437847331932257,0.00658337601198307,0.985096513330794,"U251MG_CENTRAL_NERVOUS_SYSTEM"
"331",0.169274119595201,0.0111169921830959,0.982166409072029,"TE11_OESOPHAGUS"
"332",0.389590460263589,9.17949348863046e-06,0.937576449843065,"KS1_CENTRAL_NERVOUS_SYSTEM"
"333",0.14653933091098,0.0086424526568325,0.880149141558577,"HEC1A_ENDOMETRIUM"
"334",0.280797834775982,0.00247586005070311,0.932896225753518,"TE1_OESOPHAGUS"
"335",0.325563887922544,0.00422731719465396,0.979807435138572,"RERFLCAD1_LUNG"
"336",0.015573582251617,0.00219925641265554,0.993965171491161,"TE5_OESOPHAGUS"
"337",0.756295143309066,0.149345158974517,0.98823357985687,"KELLY_AUTONOMIC_GANGLIA"
"338",0.216390750089201,0.37149911978742,0.995859198822184,"ABC1_LUNG"
"339",0.153224223271673,0.0131111295773467,0.999965772077474,"8MGBA_CENTRAL_NERVOUS_SYSTEM"
"340",0.525636853751238,0.00631829253463419,0.98929602987614,"NCIH1703_LUNG"
"341",0.546390972351062,0.00399300891840141,0.97778313070523,"AGS_STOMACH"
"342",0.163816790849379,0.0241244787188897,0.999989943290282,"DETROIT562_UPPER_AERODIGESTIVE_TRACT"
"343",0.0181185410412483,0.00177707011842704,0.954797642526365,"LOVO_LARGE_INTESTINE"
"344",0.02111707554469,0.000280400847205966,0.987372805992163,"NCIH1581_LUNG"
"345",0.166203616952547,0.00213395884046809,0.993212654764122,"SCABER_URINARY_TRACT"
"346",0.0075750753814167,0.0172584313718557,0.967051307689875,"SKMEL30_SKIN"
"347",0.17482581027385,0.00684882958533117,0.912649225644928,"C32_SKIN"
"348",0.425669903700122,6.27684325152836e-08,0.96935672892269,"RPMI8226_HAEMATOPOIETIC_AND_LYMPHOID_TISSUE"
"349",0.227602528673508,0.0588443364091148,0.992683741269234,"ES2_OVARY"
"350",0.0828881505453037,0.00752540680958512,0.771943488690751,"LS1034_LARGE_INTESTINE"
"351",0.146211987683384,0.00258554373907498,0.984909575195745,"G402_SOFT_TISSUE"
"352",0.167892847253825,0.000170691388292866,0.994171728853422,"SW48_LARGE_INTESTINE"
"353",0.352914266847443,1.73310252069853e-05,0.977549040863887,"CHP212_AUTONOMIC_GANGLIA"
"354",0.0850548995641675,0.00461252451109906,0.853570907230179,"LS180_LARGE_INTESTINE"
"355",0.0527986574670149,0.00311964536793774,0.876138909433266,"SW403_LARGE_INTESTINE"
"356",0.170166039751268,0.0434427801294569,0.895525790876837,"NCIH747_LARGE_INTESTINE"
"357",0.107903700907071,0.00155641235174105,0.975786569110327,"RT4_URINARY_TRACT"
"358",0.732935598185225,0.0269952669426044,0.985777961296797,"MDAMB415_BREAST"
"359",0.0114269511668058,0.10937460990193,0.996184739174081,"SW579_THYROID"
"360",0.350064678571816,0.00253917243679788,0.988687985924565,"MDAMB468_BREAST"
"361",0.252938798372409,0.000108700071783307,0.975718912519231,"NCIH526_LUNG"
"362",0.20145746140249,0.0614541644405472,0.986604786463314,"EFO21_OVARY"
"363",0.342189217038859,0.016189353732759,0.990774370238096,"HT29_LARGE_INTESTINE"
"364",0.00627957382261976,0.00514795220004849,0.999857339764245,"NCIH446_LUNG"
"365",0.179209312405496,0.00345729159105471,0.999994541458564,"HS294T_SKIN"
"366",0.152520018972967,0.1181003662405,0.902799192111922,"HS944T_SKIN"
"367",0.340947937472547,0.0425075490627354,0.993422058817212,"TCCPAN2_PANCREAS"
"368",0.485636866073935,0.017219233763108,0.989108668910473,"RT112_URINARY_TRACT"
"369",0.25579652534057,0.00271378961863847,0.991230076928146,"NUGC3_STOMACH"
"370",0.230298015926624,0.00223580434005549,0.986073733341089,"U87MG_CENTRAL_NERVOUS_SYSTEM"
"371",0.0561298168751308,0.0618535652905059,0.998582935797586,"CAKI2_KIDNEY"
"372",0.166832451807519,0.00173263789155699,0.978923324926344,"MV411_HAEMATOPOIETIC_AND_LYMPHOID_TISSUE"
"373",0.39784762826133,0.00127124103595946,0.962231844611375,"WM2664_SKIN"
"374",0.0107931516328084,8.83730715410397e-06,0.97974797260174,"KMRC1_KIDNEY"
"375",0.434319217286744,0.00717654158724917,0.925310338051328,"KM12_LARGE_INTESTINE"
"376",0.12199545208692,0.0452882994484526,0.895775287075175,"T84_LARGE_INTESTINE"
"377",0.360992181372619,0.0806629804768341,0.970723050272392,"CALU1_LUNG"
"378",0.090924039058644,0.00374592206800606,0.998597223920277,"NCIH2170_LUNG"
"379",0.125697345215442,0.00388453405079541,0.998804011216832,"UACC257_SKIN"
"380",0.403477816720438,0.00778190750206843,0.982864613906844,"KYSE510_OESOPHAGUS"
"381",0.240748639923619,0.0609993116224033,0.98440631353236,"MOLM13_HAEMATOPOIETIC_AND_LYMPHOID_TISSUE"
"382",0.224813256985163,0.000560153594539262,0.99645305183895,"KYSE30_OESOPHAGUS"
"383",0.0301957162273841,0.00175067655102352,0.9950871989615,"KYSE150_OESOPHAGUS"
"384",0.0673183337793807,0.0306762020963654,0.977614987553259,"PSN1_PANCREAS"
"385",0.16665480036313,0.0118014385228642,0.982483747403951,"NCIH1299_LUNG"
"386",0.405654387413839,0.000336004176529545,0.991359735746654,"SCC25_UPPER_AERODIGESTIVE_TRACT"
"387",0.840591744930489,0.00190534695904511,0.978960740103272,"MHHNB11_AUTONOMIC_GANGLIA"
"388",0.223302921558691,0.0241188995745223,0.724761415001169,"SR786_HAEMATOPOIETIC_AND_LYMPHOID_TISSUE"
"389",0.201049446695481,0.0310176356952859,0.937536271114522,"NCIH2126_LUNG"
"390",0.319528350534873,0.108013396073476,0.990404685815291,"HCC827_LUNG"
"391",0.172380477990253,0.00121807686204406,0.989477072431674,"RD_SOFT_TISSUE"
"392",0.121051220972461,0.0443678999586925,0.993224828784247,"TF1_HAEMATOPOIETIC_AND_LYMPHOID_TISSUE"
"393",0.17522377093198,0.0196526542122686,0.985448812546563,"8305C_THYROID"
"394",0.168191339610675,0.00394483778353514,0.999035878468961,"JJN3_HAEMATOPOIETIC_AND_LYMPHOID_TISSUE"
"395",0.438427902844705,0.00309567379874005,0.888377317160272,"CL40_LARGE_INTESTINE"
"396",0.0176176210884303,0.00115457095188259,0.938204889894319,"OCIAML3_HAEMATOPOIETIC_AND_LYMPHOID_TISSUE"
"397",0.125192933595301,0.000515880249896749,0.993576478944608,"SUDHL4_HAEMATOPOIETIC_AND_LYMPHOID_TISSUE"
"398",0.0996713517191997,0.00018277236602756,0.992373688698046,"SKMM2_HAEMATOPOIETIC_AND_LYMPHOID_TISSUE"
"399",0.220718022480538,0.000184592744751245,0.97190343653715,"COLO678_LARGE_INTESTINE"
"400",0.934628277126252,0.00325791856844721,0.989219497736599,"CMLT1_HAEMATOPOIETIC_AND_LYMPHOID_TISSUE"
"401",0.250594446435707,0.0268275717370021,0.99402426019315,"EOL1_HAEMATOPOIETIC_AND_LYMPHOID_TISSUE"
"402",0.0507979065613952,6.78255556580144e-07,0.999510260139769,"NALM6_HAEMATOPOIETIC_AND_LYMPHOID_TISSUE"
"403",0.161709896669317,0.00734518617015877,0.943080273389138,"VMCUB1_URINARY_TRACT"
"404",0.100360112149758,1.80644817955905e-06,0.980301453938402,"LP1_HAEMATOPOIETIC_AND_LYMPHOID_TISSUE"
"405",0.0304143019462661,0.0289090924080939,0.990763577273791,"LXF289_LUNG"
"406",0.942850817078555,0.000259309364705789,0.98504818216387,"PF382_HAEMATOPOIETIC_AND_LYMPHOID_TISSUE"
"407",0.318864320055686,0.000799473636145024,0.981897486520362,"OCIAML2_HAEMATOPOIETIC_AND_LYMPHOID_TISSUE"
"408",0.0971573954527606,9.10464538701614e-05,0.94423319316983,"KARPAS422_HAEMATOPOIETIC_AND_LYMPHOID_TISSUE"
"409",0.268038935708342,0.0633999901668138,0.959318826423784,"CAL78_BONE"
"410",0.162319446149247,0.00394310662044313,0.87911544457166,"ONCODG1_OVARY"
"411",0.0987986643065716,0.000747265124512613,0.989019408547362,"CAL29_URINARY_TRACT"
"412",0.548098012445497,0.0345428098161726,0.910179808954395,"HS852T_SKIN"
"413",0.995687000155376,0.232806314105243,0.94682423655908,"HCC1419_BREAST"
"414",0.976771432498737,0.00203452336978954,0.997674147736457,"HCC1428_BREAST"
"415",0.940646561865264,0.0190949432114257,0.80251582565619,"NB1_AUTONOMIC_GANGLIA"
"416",0.337329382443164,0.00973022160267341,0.974074982659768,"NCIH1944_LUNG"
"417",0.182491285466813,0.0239344355860306,0.984718298471264,"DEL_HAEMATOPOIETIC_AND_LYMPHOID_TISSUE"
"418",0.0262604821131945,0.00246556559706741,0.99056176600897,"BFTC905_URINARY_TRACT"
"419",0.0342647720149837,0.000116763498658498,0.961697507194132,"NOMO1_HAEMATOPOIETIC_AND_LYMPHOID_TISSUE"
"420",0.220074339483005,0.000444570752118901,0.97713951995041,"HCC2935_LUNG"
"421",0.415275425304003,0.00146032028392332,0.688041495989671,"MKN45_STOMACH"
"422",0.282870068980445,0.00519724086575058,0.998496116785261,"KU1919_URINARY_TRACT"
"423",0.519775687485696,0.00353384716409055,0.985425743347731,"CADOES1_BONE"
"424",0.164273798654092,0.00600454828321494,0.999569507593538,"S117_THYROID"
"425",0.468755007691164,0.00233803559835799,0.972196791980409,"EM2_HAEMATOPOIETIC_AND_LYMPHOID_TISSUE"
"426",0.101003824123658,0.032993264449424,0.986384442856522,"LCLC103H_LUNG"
"427",0.0425868707345208,0.00289020052278488,0.995489780443272,"697_HAEMATOPOIETIC_AND_LYMPHOID_TISSUE"
"428",0.0253913894075929,0.351473900736987,0.999634805805779,"NB4_HAEMATOPOIETIC_AND_LYMPHOID_TISSUE"
"429",0.0589456689877316,0.00225702286733114,0.986292272620524,"2313287_STOMACH"
"430",0.0184557801305082,0.00202405012192513,0.976531800462885,"CAL51_BREAST"
"431",0.0474083930255196,8.55182760375876e-05,0.983449494244839,"L363_HAEMATOPOIETIC_AND_LYMPHOID_TISSUE"
"432",0.711066654228501,0.00299226714809266,0.987801091333762,"SIMA_AUTONOMIC_GANGLIA"
"433",0.200126219666585,0.0103950453166637,0.976728247466592,"BC3C_URINARY_TRACT"
"434",0.250997089020433,0.0309252086042906,0.988390803296864,"639V_URINARY_TRACT"
"435",0.104418325731407,0.00050529112468864,0.999962694838978,"647V_URINARY_TRACT"
"436",0.226729725507253,5.49480816473073e-05,0.992171068399342,"F36P_HAEMATOPOIETIC_AND_LYMPHOID_TISSUE"
"437",0.0244791489175685,0.00291355875688254,0.999975638419979,"EJM_HAEMATOPOIETIC_AND_LYMPHOID_TISSUE"
"438",0.787364226137086,0.000661714721989778,0.984280445398251,"JIMT1_BREAST"
"439",0.0430415570356963,0.00744591388919905,0.985553714809084,"AMO1_HAEMATOPOIETIC_AND_LYMPHOID_TISSUE"
"440",0.137726874877577,0.00990952299323846,0.988837612729093,"JHUEM7_ENDOMETRIUM"
"441",0.0180468860127164,0.0266766757980082,0.94796968133659,"OE21_OESOPHAGUS"
"442",0.158978403183764,0.336468654464545,0.992228624531729,"HOP62_LUNG"
"443",0.0541248708088206,0.000101838766679023,0.992321242276766,"EKVX_LUNG"
"444",0.19741442171073,0.0279605349820731,0.999723410652237,"OVCAR5_OVARY"
